{
    "num_sequences": 240,
    "mean_gc": 42.134619267046034,
    "std_gc": 0.544657657310634,
    "mean_length": 67536.5875,
    "std_length": 116069.16179926523
}