{
    "num_sequences": 972,
    "mean_gc": 41.80059972387502,
    "std_gc": 3.9827457315868453,
    "mean_length": 87484.72736625515,
    "std_length": 439966.1914019617
}